[
  {
    "conditions": "!biome.isMountain && ((biome.isWasteland && !biome.isSwamp && !biome.isCold) || biome.isHills)",
    "_comment": "Wind for Hills/Wasteland",
    "acoustics": [
      {
        "acoustic": "biome/wind/hills"
      }
    ]
  },
  {
    "conditions": "biome.isMountain",
    "_comment": "Wind for Mountain",
    "acoustics": [
      {
        "acoustic": "biome/wind/mountains"
      }
    ]
  },
  {
    "conditions": "biome.isSandy && biome.isDry && !(biome.isLush || biome.isHills || biome.isMountain || biome.isPlains)",
    "_comment": "Desert Wind",
    "acoustics": [
      {
        "acoustic": "biome/wind/desert"
      }
    ]
  },
  {
    "conditions": "biome.isCold && biome.isWasteland",
    "_comment": "Arctic Wind",
    "acoustics": [
      {
        "acoustic": "biome/wind/arctic"
      }
    ]
  },
  {
    "conditions": "biome.isJungle && biome.isWet",
    "_comment": "Basic Jungle and Tropical",
    "soundReset": true,
    "acoustics": [
      {
        "acoustic": "biome/jungle",
        "conditions": "weather.isNotRaining()"
      }
    ]
  },
  {
    "conditions": "biome.isSavanna",
    "_comment": "Basic Savanna",
    "soundReset": true,
    "acoustics": [
      {
        "acoustic": "biome/savanna/day",
        "conditions": "weather.isNotRaining() && diurnal.isDay()"
      },
      {
        "acoustic": "biome/savanna/night",
        "conditions": "weather.isNotRaining() && diurnal.isNight()"
      }
    ]
  },
  {
    "conditions": "biome.isPlains && !(biome.isSnowy || biome.isHot || biome.isForest)",
    "_comment": "Basic Plains",
    "acoustics": [
      {
        "acoustic": "biome/plains",
        "conditions": "weather.isNotRaining() && !weather.canWaterFreeze() && diurnal.isDay()"
      },
      {
        "acoustic": "biome/crickets",
        "conditions": "weather.isNotRaining() && !weather.canWaterFreeze() && diurnal.isNight()"
      }
    ]
  },
  {
    "conditions": "biome.isForest && !(biome.isDead || biome.isWasteland || biome.isDense || biome.isSwamp) && lib.isBetween(biome.temperature, 0.2, 1.0)",
    "_comment": "Basic Forest w/Crickets",
    "acoustics": [
      {
        "acoustic": "biome/forest",
        "conditions": "weather.isNotRaining() && !weather.canWaterFreeze() && diurnal.isDay()"
      },
      {
        "acoustic": "biome/crickets",
        "conditions": "weather.isNotRaining() && !weather.canWaterFreeze() && diurnal.isNight()"
      }
    ]
  },
  {
    "conditions": "biome.isForest && biome.isDense && !(biome.isDead || biome.isWasteland || biome.isSwamp || biome.isJungle) && lib.isBetween(biome.temperature, 0.2, 1.0)",
    "_comment": "Deep Forest w/Crickets",
    "acoustics": [
      {
        "acoustic": "biome/forest/deep",
        "conditions": "weather.isNotRaining() && !weather.canWaterFreeze() && diurnal.isDay()"
      },
      {
        "acoustic": "biome/crickets/deep",
        "conditions": "weather.isNotRaining() && !weather.canWaterFreeze() && diurnal.isNight()"
      }
    ]
  },
  {
    "conditions": "biome.isForest && biome.isCold && !(biome.isSwamp || biome.isSnowy || biome.isDead || biome.isDense)",
    "_comment": "Simple Forest",
    "acoustics": [
      {
        "acoustic": "biome/forest",
        "conditions": "weather.isNotRaining() && !weather.canWaterFreeze() && diurnal.isDay()"
      }
    ]
  },
  {
    "conditions": "biome.isForest && !biome.isSwamp && (biome.isCold || biome.isSnowy || biome.isDead)",
    "_comment": "Wolf",
    "acoustics": [
      {
        "acoustic": "wolf",
        "conditions": "weather.isNotRaining() && diurnal.isNight()",
        "type": "spot"
      }
    ]
  },
  {
    "conditions": "biome.isBeach && !biome.isSnowy",
    "_comment": "Beach",
    "acoustics": [
      {
        "acoustic": "biome/beach"
      },
      {
        "acoustic": "seagulls",
        "conditions": "diurnal.isDay()",
        "type": "spot"
      }
    ]
  },
  {
    "conditions": "lib.oneof(biome.id, 'minecraft:frozen_ocean', 'minecraft:deep_frozen_ocean')",
    "_comment": "Frozen Ocean/Deep Frozen Ocean explicit set",
    "fogColor": "220,219,223",
    "visibility": 0.4
  },
  {
    "conditions": "biome.isRiver && !(biome.isSnowy || biome.isDry || biome.isOcean)",
    "_comment": "River",
    "acoustics": [
      {
        "acoustic": "biome/river"
      }
    ]
  },
  {
    "conditions": "biome.isOcean",
    "_comment": "Ocean background",
    "acoustics": [
      {
        "acoustic": "biome/ocean"
      }
    ]
  },
  {
    "conditions": "biome.id == 'minecraft:deep_ocean'",
    "_comment": "Deep Ocean explicit set",
    "soundReset": true,
    "acoustics": [
      {
        "acoustic": "biome/ocean/deep"
      }
    ]
  },
  {
    "conditions": "biome.id == 'minecraft:deep_frozen_ocean'",
    "_comment": "Deep Frozen Ocean explicit set",
    "soundReset": true
  },
  {
    "conditions": "biome.isSwamp && !biome.isForest",
    "_comment": "Basic Swamp Fog",
    "fogColor": "64,96,64",
    "visibility": 0.4
  },
  {
    "conditions": "biome.isSwamp && !(biome.isForest || biome.isDead || biome.isCold)",
    "_comment": "Basic Swamp Sounds",
    "acoustics": [
      {
        "acoustic": "biome/crickets"
      }
    ]
  },
  {
    "conditions": "biome.isSwamp && (biome.isCold || biome.isForest)",
    "_comment": "Special Swamps such as Fen, Bog, Marsh, etc.",
    "acoustics": [
      {
        "acoustic": "biome/bog",
        "conditions": "weather.isNotRaining() && !weather.canWaterFreeze() && diurnal.isDay()"
      },
      {
        "acoustic": "biome/crickets",
        "conditions": "!weather.canWaterFreeze() && diurnal.isNight()"
      }
    ],
    "fogColor": "128,128,128",
    "visibility": 0.4
  },
  {
    "conditions": "biome.rainfall < 0.1 && (biome.isSandy || biome.isMesa || (biome.isWasteland && !(biome.isCold || biome.isSnowy || biome.isSwamp)))",
    "_comment": "Dust for desert like biomes",
    "fogColor": "255,234,151"
  },
  {
    "conditions": "!(biome.isOcean || biome.isRiver || biome.isNether || biome.isEnd || biome.isMushroom) && !(biome.isFake || biome.isSnowy || biome.isSwamp || biome.isJungle || biome.isBeach || biome.isWasteland || biome.isWet)",
    "_comment": "Coyote",
    "acoustics": [
      {
        "acoustic": "coyote",
        "conditions": "weather.isNotRaining() && diurnal.isNight()",
        "type": "spot"
      }
    ]
  },
  {
    "conditions": "!(biome.isOcean || biome.isRiver || biome.isNether || biome.isEnd) && !(biome.isFake || biome.isSnowy || biome.isJungle || biome.isHot || biome.isBeach)",
    "_comment": "Crow",
    "acoustics": [
      {
        "acoustic": "crow",
        "conditions": "weather.isNotRaining() && diurnal.isDay()",
        "type": "spot"
      }
    ]
  },
  {
    "conditions": "!(biome.isOcean || biome.isRiver || biome.isNether || biome.isEnd) && !(biome.isFake || biome.isDry || biome.isJungle || biome.isHot || biome.isBeach || biome.isSwamp || biome.isWasteland)",
    "_comment": "Owl",
    "acoustics": [
      {
        "acoustic": "owl",
        "conditions": "weather.isNotRaining() && diurnal.isNight()",
        "type": "spot"
      }
    ]
  },
  {
    "conditions": "biome.isForest && !(biome.isHot || biome.isSwamp || biome.isDead || biome.isCold || biome.isOcean || biome.isWasteland || biome.isJungle)",
    "_comment": "Birds",
    "acoustics": [
      {
        "acoustic": "bird",
        "conditions": "weather.isNotRaining() && diurnal.isDay()",
        "type": "spot"
      },
      {
        "acoustic": "nightingale",
        "conditions": "weather.isNotRaining() && diurnal.isDay()",
        "type": "spot"
      }
    ]
  },
  {
    "conditions": "biome.isForest && !(biome.isEnd || biome.isNether || biome.isOcean || biome.isRiver)",
    "_comment": "Woodpecker",
    "acoustics": [
      {
        "acoustic": "woodpecker",
        "conditions": "weather.isNotRaining() && diurnal.isDay()",
        "type": "spot"
      }
    ]
  },
  {
    "conditions": "!(biome.isMushroom || biome.isDead || biome.isSwamp || biome.isJungle || biome.isWasteland || biome.isOcean || biome.isSnowy || biome.isNether || biome.isEnd || biome.isFake)",
    "_comment": "Raptors",
    "acoustics": [
      {
        "acoustic": "raptor",
        "conditions": "weather.isNotRaining() && diurnal.isDay()",
        "type": "spot"
      }
    ]
  },
  {
    "conditions": "biome.isConiferous && !biome.isMountain",
    "_comment": "Loon",
    "acoustics": [
      {
        "acoustic": "loon",
        "conditions": "weather.isNotRaining() && !diurnal.isNight()",
        "type": "spot"
      }
    ]
  },
  {
    "conditions": "(biome.isCold || biome.isSnowy) && !(biome.isDead || biome.isSwamp || biome.isEnd)",
    "_comment": "Display aurora",
    "aurora": true
  },
  {
    "conditions": "biome.isNether",
    "_comment": "Regular Nether",
    "dust": true,
    "dustColor": "255,0,0"
  },
  {
    "conditions": "biome.isEnd || biome.name == 'The Void'",
    "_comment": "It's The End!",
    "soundReset": true,
    "aurora": false
  },
  {
    "conditions": "biome.name == 'Underground'",
    "_comment": "Underground explicit set",
    "acoustics": [
      {
        "acoustic": "biome/underground",
        "conditions": "state.isInside() && player.getY() < 50"
      },
      {
        "acoustic": "rockfall",
        "type": "spot",
        "weight": 30
      },
      {
        "acoustic": "bigrockfall",
        "type": "spot",
        "weight": 15
      },
      {
        "acoustic": "monstergrowl",
        "conditions": "diurnal.isNight()",
        "type": "spot",
        "weight": 10
      }
    ]
  },
  {
    "conditions": "biome.name == 'UnderOCN'",
    "_comment": "Under Ocean explicit set",
    "acoustics": [
      {
        "acoustic": "biome/ocean/under"
      }
    ]
  },
  {
    "conditions": "biome.name == 'UnderDOCN'",
    "_comment": "Under Deep Ocean explicit set",
    "acoustics": [
      {
        "acoustic": "biome/ocean/deep/under"
      },
      {
        "acoustic": "whale",
        "type": "spot"
      }
    ]
  },
  {
    "conditions": "biome.name == 'UnderRVR'",
    "_comment": "Under River explicit set",
    "acoustics": [
      {
        "acoustic": "biome/river/under"
      }
    ]
  },
  {
    "conditions": "biome.name == 'Underwater'",
    "_comment": "Underwater explicit set",
    "acoustics": [
      {
        "acoustic": "biome/water/under"
      }
    ]
  },
  {
    "conditions": "biome.name == 'Clouds'",
    "_comment": "Clouds explicit set",
    "acoustics": [
      {
        "acoustic": "biome/wind"
      }
    ]
  },
  {
    "conditions": "biome.name == 'Village'",
    "_comment": "Village explicit set",
    "acoustics": [
      {
        "acoustic": "village/rooster",
        "conditions": "state.isInVillage() && !state.isInside() && diurnal.isSunrise() && weather.isNotRaining()"
      },
      {
        "acoustic": "village/anvil",
        "conditions": "state.isInVillage() && !state.isInside() && diurnal.isDay() && weather.isNotRaining()"
      },
      {
        "acoustic": "village/dogbark",
        "conditions": "state.isInVillage() && !state.isInside() && weather.isNotRaining()"
      }
    ]
  },
  {
    "conditions": "biome.name == 'Player' && !lib.isModLoaded('betterendforge')",
    "_comment": "Player explicit set for The End",
    "acoustics": [
      {
        "acoustic": "dimension/theend",
        "conditions": "dim.getId() == 'minecraft:the_end'"
      }
    ]
  },
  {
    "conditions": "lib.oneof(biome.id, 'minecraft:mesa', 'minecraft:mesa_clear_rock', 'minecraft:mesa_rock')",
    "_comment": "Mesa dust color specific override",
    "fogColor": "215,125,47"
  },
  {
    "conditions": "biome.isEnd",
    "_comment": "Adds custom white End Fog, baby!",
    "fog": true,
    "fogDensity": 0.5,
    "fogColor": "250,250,255"
  }
]
