[
  {
    "blocks": [
      "minecraft:nether_wart[age=3]"
    ],
    "effects": [
      {
        "effect": "fire",
        "chance": 200
      }
    ]
  },
  {
    "blocks": [
      "minecraft:dirt"
    ],
    "effects": [
      {
        "effect": "dust",
        "chance": 500
      }
    ]
  },
  {
    "blocks": [
      "minecraft:lava"
    ],
    "effects": [
      {
        "effect": "fire",
        "chance": 1800
      }
    ]
  },
  {
    "blocks": [
      "minecraft:water"
    ],
    "effects": [
      {
        "effect": "bubble",
        "chance": 1800
      },
      {
        "effect": "steam",
        "chance": 0
      },
      {
        "effect": "splash",
        "chance": 0
      }
    ]
  },
  {
    "blocks": [
      "minecraft:cauldron[level=3]"
    ],
    "effects": [
      {
        "effect": "steam",
        "chance": 0
      }
    ]
  },
  {
    "blocks": [
      "minecraft:ice",
      "minecraft:packed_ice"
    ],
    "chance": 10000,
    "acoustics": [
      {
        "acoustic": "environs:ice"
      }
    ]
  },
  {
    "blocks": [
      "minecraft:lily_pad"
    ],
    "chance": 25,
    "acoustics": [
      {
        "acoustic": "waterlily/frog",
        "conditions": "!state.isInside() && !weather.canWaterFreeze()"
      }
    ]
  },
  {
    "blocks": [
      "minecraft:soul_sand"
    ],
    "chance": 8000,
    "acoustics": [
      {
        "acoustic": "soulsand/laughter",
        "conditions": "dim.getId() == 'minecraft:the_nether'"
      }
    ]
  },
  {
    "blocks": [
      "minecraft:nether_bricks",
      "minecraft:nether_brick_fence",
      "minecraft:nether_brick_stairs"
    ],
    "chance": 8000,
    "acoustics": [
      {
        "acoustic": "netherbrick/breathing",
        "conditions": "dim.getId() == 'minecraft:the_nether'"
      }
    ]
  },
  {
    "blocks": [
      "minecraft:rose_bush",
      "minecraft:peony",
      "minecraft:lilac",
      "minecraft:sunflower",
      "#minecraft:small_flowers"
    ],
    "effects": [
      {
        "effect": "firefly",
        "conditions": "weather.isNotRaining() && (diurnal.isNight() || diurnal.isSunset()) && !(biome.is('hot') || weather.canWaterFreeze())",
        "chance": 30
      }
    ]
  }
]
